{
  "accuracy": 0.8378378378378378,
  "f1": 0.8846153846153846,
  "confusion_matrix": [
    [
      16,
      8
    ],
    [
      4,
      46
    ]
  ]
}